{
  "4": [
    {
      "username": "tim",
      "timeMs": 9683.333333333334,
      "stars": 0,
      "timestamp": 1743533476445
    }
  ],
  "5": [
    {
      "username": "tim",
      "timeMs": 7500.000000000001,
      "stars": 0,
      "timestamp": 1743533429157
    }
  ]
}